PDB ID,Annotation
A0A023NA98,FunSoC
A0A023T6V0,FunSoC
A0A023Z7G9,FunSoC
A0A059ZG31,FunSoC
A0A059ZIJ1,FunSoC
A0A059ZUH9,FunSoC
A0A068A251,FunSoC
A0A068A2D7,FunSoC
A0A069BGX1,FunSoC
A0A069XSN5,FunSoC
A0A072YLN4,FunSoC
A0A075C777,FunSoC
A0A077UJ35,FunSoC
A0A080VCV3,FunSoC
A0A086HV98,FunSoC
A0A089G6U8,FunSoC
A0A097PAT7,FunSoC
A0A098MT76,FunSoC
A0A0A0V0E0,FunSoC
A0A0A0V0R0,FunSoC
A0A0A1DY65,FunSoC
A0A0A1EKG3,FunSoC
A0A0A7MAV0,FunSoC
A0A0A7MFS9,FunSoC
A0A0C6P4F8,FunSoC
A0A0D5YCC7,FunSoC
A0A0D5YCG8,FunSoC
A0A0D5YD47,FunSoC
A0A0D5YDV1,FunSoC
A0A0D5YDX9,FunSoC
A0A0D5YF55,FunSoC
A0A0D5YGA4,FunSoC
A0A0D5YGK0,FunSoC
A0A0D5YHU7,FunSoC
A0A0D5YI93,FunSoC
A0A0D5YIJ3,FunSoC
A0A0D5YJC7,FunSoC
A0A0D5YJE9,FunSoC
A0A0D5YJL3,FunSoC
A0A0D5YJW1,FunSoC
A0A0D5YK63,FunSoC
A0A0D5YK91,FunSoC
A0A0D5YKT7,FunSoC
A0A0D5YLC4,FunSoC
A0A0D5YLI1,FunSoC
A0A0D5YM85,FunSoC
A0A0D5YMB2,FunSoC
A0A0D5YMB6,FunSoC
A0A0D5YMC2,FunSoC
A0A0D5YMI0,FunSoC
A0A0D5YMN4,FunSoC
A0A0D5YMP5,FunSoC
A0A0D5YNG8,FunSoC
A0A0D5YNH4,FunSoC
A0A0D5YNL6,FunSoC
A0A0D5YNU0,FunSoC
A0A0D5YNZ3,FunSoC
A0A0D6ZN92,FunSoC
A0A0D8G7I3,FunSoC
A0A0D8GMG5,FunSoC
A0A0E0UU11,FunSoC
A0A0E1AI32,FunSoC
A0A0E1EU06,FunSoC
A0A0E1VM34,FunSoC
A0A0E3TIJ6,FunSoC
A0A0E3XHQ4,FunSoC
A0A0E3XJ46,FunSoC
A0A0F3TZI9,FunSoC
A0A0F6L1E2,FunSoC
A0A0F6N959,FunSoC
A0A0F6UGR8,FunSoC
A0A0F7R6M6,FunSoC
A0A0F7RBI7,FunSoC
A0A0F7RF09,FunSoC
A0A0F7RM87,FunSoC
A0A0F7RN98,FunSoC
A0A0H2VZ51,FunSoC
A0A0H2W660,FunSoC
A0A0H2WSL3,FunSoC
A0A0H2XDF9,FunSoC
A0A0H3B1G5,FunSoC
A0A0H3BYC4,FunSoC
A0A0H3G4K1,FunSoC
A0A0H3HIJ5,FunSoC
A0A0H3HYD1,FunSoC
A0A0H3I0L5,FunSoC
A0A0H3JDI4,FunSoC
A0A0H3JGR6,FunSoC
A0A0H3JK70,FunSoC
A0A0H3K686,FunSoC
A0A0H3K6Z6,FunSoC
A0A0H3K6Z8,FunSoC
A0A0H3KAV3,FunSoC
A0A0H3LK44,FunSoC
A0A0H3LK84,FunSoC
A0A0H3LKS3,FunSoC
A0A0H3LPI1,FunSoC
A0A0H3LPZ7,FunSoC
A0A0H3MHK7,FunSoC
A0A0H3PA52,FunSoC
A0A0H8V525,FunSoC
A0A0K0GKN6,FunSoC
A0A0K0GR09,FunSoC
A0A0K1NZI5,FunSoC
A0A0L7EE15,FunSoC
A0A0M3F9E6,FunSoC
A0A0M3T2K6,FunSoC
A0A0M3T2L2,FunSoC
A0A0M3T2M9,FunSoC
A0A0M3T2N3,FunSoC
A0A0M4LHM1,FunSoC
A0A0M4LIR9,FunSoC
A0A0M4LIT1,FunSoC
A0A0M5KSB7,FunSoC
A0A0M5KSB8,FunSoC
A0A0M5KUB1,FunSoC
A0A0P9YD39,FunSoC
A0A0T7L994,FunSoC
A0A0T8UBD3,FunSoC
A0A0X1KH90,FunSoC
A0A116KG15,FunSoC
A0A122EN55,FunSoC
A0A125YQA8,FunSoC
A0A125YYK6,FunSoC
A0A135XGV5,FunSoC
A0A140IX44,FunSoC
A0A142JAG6,FunSoC
A0A151H128,FunSoC
A0A171JW44,FunSoC
A0A193KW34,FunSoC
A0A1C2M3K6,FunSoC
A0A1C8C3C0,FunSoC
A0A1D8H0E5,FunSoC
A0A1D8H0E7,FunSoC
A0A1D8PCL1,FunSoC
A0A1E8X590,FunSoC
A0A1E8XD63,FunSoC
A0A1G5LZH7,FunSoC
A0A1I9WAL7,FunSoC
A0A1J6YVG5,FunSoC
A0A1J9V7F5,FunSoC
A0A1R2P3N9,FunSoC
A0A1R3Y2R5,FunSoC
A0A1S5XVV3,FunSoC
A0A1S5XVV6,FunSoC
A0A1S5XVV9,FunSoC
A0A1S5XVW5,FunSoC
A0A1S6ZGK1,FunSoC
A0A1U8QT85,FunSoC
A0A1V0PNF1,FunSoC
A0A1V0PNF8,FunSoC
A0A1V0PNG5,FunSoC
A0A1X9HVQ2,FunSoC
A0A1X9IGW3,FunSoC
A0A1X9IGW5,FunSoC
A0A1Z3UXP1,FunSoC
A0A222ZDK3,FunSoC
A0A242V4K2,FunSoC
A0A2D0NPY5,FunSoC
A0A2H4PQH7,FunSoC
A0A2H4PQI5,FunSoC
A0A2I6PEZ4,FunSoC
A0A2K1SY04,FunSoC
A0A2R4DBH3,FunSoC
A0A2R4TTF4,FunSoC
A0A2T8QYS9,FunSoC
A0A2T9MDM9,FunSoC
A0A2V2W5J4,FunSoC
A0A2W3TG75,FunSoC
A0A2X2UMC0,FunSoC
A0A2Z3J947,FunSoC
A0A315GJY7,FunSoC
A0A317YQH1,FunSoC
A0A378KL06,FunSoC
A0A381DQF0,FunSoC
A0A389YG08,FunSoC
A0A393IUQ8,FunSoC
A0A398QUM2,FunSoC
A0A3B6W2N4,FunSoC
A0A3E1NBN2,FunSoC
A0A3F2ZPU4,FunSoC
A0A3F2ZPV4,FunSoC
A0A3F2ZQC2,FunSoC
A0A3F2ZS81,FunSoC
A0A3F3A4W8,FunSoC
A0A3F3DR90,FunSoC
A0A3F3E164,FunSoC
A0A3G5JUU3,FunSoC
A0A3R9RQ68,FunSoC
A0A3S0KZH6,FunSoC
A0A3S3U8D7,FunSoC
A0A3T0PDD9,FunSoC
A0A3U0EPV3,FunSoC
A0A3V7IGK8,FunSoC
A0A3Z6W030,FunSoC
A0A411HE63,FunSoC
A0A454Y060,FunSoC
A0A482PI41,FunSoC
A0A482PJC5,FunSoC
A0A4Q2THA6,FunSoC
A0A4Q2TJX9,FunSoC
A0A4Q4I199,FunSoC
A0A4Q4N5K5,FunSoC
A0A4V8DTQ9,FunSoC
A0A509GV61,FunSoC
A0A514YLR3,FunSoC
A0A5E8W0B9,FunSoC
A0A5F2KUT0,FunSoC
A0A5J0E682,FunSoC
A0A5J6SCR7,FunSoC
A0A5K1SN76,FunSoC
A0A5N0G1B3,FunSoC
A0A5V8M872,FunSoC
A0A5W3SI80,FunSoC
A0A5X5Q710,FunSoC
A0A5Y4GAI7,FunSoC
A0A658Q9B9,FunSoC
A0A6B2Q3V7,FunSoC
A0A6B2QSG1,FunSoC
A0A6G0V6I4,FunSoC
A0A6H3EMK0,FunSoC
A0A6I5JJU3,FunSoC
A0A6N0DGF6,FunSoC
A0A6N3S5J5,FunSoC
A0A7D0MQ02,FunSoC
A0FDW2,FunSoC
A0FDW7,FunSoC
A0FDX1,FunSoC
A0FKE5,FunSoC
A0KHZ7,FunSoC
A0MD28,FunSoC
A0MK31,FunSoC
A0Q477,FunSoC
A0Q4N6,FunSoC
A0Q6U1,FunSoC
A0Q6U3,FunSoC
A0Q7F6,FunSoC
A0Q7H3,FunSoC
A0Q7H5,FunSoC
A0Q7I6,FunSoC
A0QLI5,FunSoC
A0ZS59,FunSoC
A0ZS60,FunSoC
A1A7X6,FunSoC
A1E5K1,FunSoC
A1JU65,FunSoC
A1KEE1,FunSoC
A1KFU9,FunSoC
A1KWP3,FunSoC
A1L015,FunSoC
A1L017,FunSoC
A1VXG4,FunSoC
A1X8C2,FunSoC
A2I8A1,FunSoC
A2I8A2,FunSoC
A2RXV6,FunSoC
A2T3N5,FunSoC
A2T3Q0,FunSoC
A2V7S6,FunSoC
A3DRP7,FunSoC
A3M8K2,FunSoC
A3NLC6,FunSoC
A3NLC8,FunSoC
A3P6Y8,FunSoC
A3P6Z0,FunSoC
A3RFF4,FunSoC
A3RY20,FunSoC
A4GCL7,FunSoC
A4GYZ0,FunSoC
A4URZ5,FunSoC
A4URZ8,FunSoC
A4VTQ7,FunSoC
A4VZZ3,FunSoC
A5CD77,FunSoC
A5F934,FunSoC
A5HBL2,FunSoC
A5HZZ4,FunSoC
A5HZZ5,FunSoC
A5HZZ6,FunSoC
A5PM37,FunSoC
A5PM38,FunSoC
A5TZK3,FunSoC
A5U027,FunSoC
A5U0E5,FunSoC
A6QG57,FunSoC
A6QIG2,FunSoC
A6QIG7,FunSoC
A6QJQ7,FunSoC
A6T8S5,FunSoC
A6T8S6,FunSoC
A6TA11,FunSoC
A6VAA1,FunSoC
A6YCJ6,FunSoC
A7DV97,FunSoC
A7GBG2,FunSoC
A7H2F1,FunSoC
A7J8L4,FunSoC
A7J8L8,FunSoC
A7L035,FunSoC
A7MLJ8,FunSoC
A7NAP3,FunSoC
A7TWE4,FunSoC
A7TWE5,FunSoC
A7X0D6,FunSoC
A7X0D9,FunSoC
A7X3M9,FunSoC
A7X4T8,FunSoC
A8B1H9,FunSoC
A8QWG4,FunSoC
A9J1E9,FunSoC
A9J7N5,FunSoC
A9JX07,FunSoC
A9KFA6,FunSoC
A9KFH5,FunSoC
A9MJD1,FunSoC
A9N5C6,FunSoC
A9Q1L1,FunSoC
B0CKN3,FunSoC
B1BE43,FunSoC
B1GVN9,FunSoC
B1GVP0,FunSoC
B1INP6,FunSoC
B1INP8,FunSoC
B1INP9,FunSoC
B1INQ0,FunSoC
B1L2G4,FunSoC
B1NNT7,FunSoC
B1P6D9,FunSoC
B1PUC7,FunSoC
B1PUC8,FunSoC
B2RI48,FunSoC
B2RLK2,FunSoC
B2SA42,FunSoC
B2SU53,FunSoC
B2TSB9,FunSoC
B2TSC0,FunSoC
B2TSC1,FunSoC
B2TSC2,FunSoC
B2TSC3,FunSoC
B3CRR2,FunSoC
B3CTB0,FunSoC
B3SRQ8,FunSoC
B3SRT2,FunSoC
B3SRV6,FunSoC
B3SRY0,FunSoC
B3TNP2,FunSoC
B3VSG7,FunSoC
B4RMY8,FunSoC
B4YB56,FunSoC
B4YJD1,FunSoC
B4YJD3,FunSoC
B4YJF7,FunSoC
B4YSY2,FunSoC
B5L5S3,FunSoC
B5QSE4,FunSoC
B5TSF4,FunSoC
B6EB34,FunSoC
B7UHB4,FunSoC
B7UMA0,FunSoC
B7UMC6,FunSoC
B7UNX2,FunSoC
B7UR60,FunSoC
B7UTE8,FunSoC
B7UTE9,FunSoC
B8XGS3,FunSoC
B8XH01,FunSoC
B9A807,FunSoC
B9A810,FunSoC
B9K698,FunSoC
C0LT61,FunSoC
C0PW57,FunSoC
C0PXE2,FunSoC
C0RHQ3,FunSoC
C1FUH8,FunSoC
C1L349,FunSoC
C3VD19,FunSoC
C4B111,FunSoC
C4B698,FunSoC
C4I6J4,FunSoC
C5I685,FunSoC
C5I686,FunSoC
C5IZN1,FunSoC
C5P3X6,FunSoC
C5UY14,FunSoC
C6KI62,FunSoC
C7C422,FunSoC
C8TWI2,FunSoC
C8U087,FunSoC
C8UFN5,FunSoC
C9DQ52,FunSoC
C9WMG8,FunSoC
C9X8K0,FunSoC
D0C907,FunSoC
D0EJY2,FunSoC
D0EM77,FunSoC
D0MXE4,FunSoC
D0MZL5,FunSoC
D0N0I9,FunSoC
D0N0Z8,FunSoC
D0N6D2,FunSoC
D0NBV1,FunSoC
D0NBV3,FunSoC
D0NIN5,FunSoC
D0NVB5,FunSoC
D0NVS7,FunSoC
D0P1A8,FunSoC
D0P3S7,FunSoC
D0QXI2,FunSoC
D0U2D1,FunSoC
D0ZHS9,FunSoC
D0ZI38,FunSoC
D0ZMG9,FunSoC
D0ZPH9,FunSoC
D0ZRB2,FunSoC
D0ZVG2,FunSoC
D0ZWR8,FunSoC
D0ZWR9,FunSoC
D0ZWU0,FunSoC
D0ZXR5,FunSoC
D2AJA3,FunSoC
D2CY50,FunSoC
D2CY51,FunSoC
D2E9W6,FunSoC
D2E9W7,FunSoC
D2E9W8,FunSoC
D2E9W9,FunSoC
D2E9X0,FunSoC
D2E9X1,FunSoC
D2JET5,FunSoC
D2K6G3,FunSoC
D2KNE1,FunSoC
D2KNI6,FunSoC
D2KNN0,FunSoC
D2TI12,FunSoC
D2TI20,FunSoC
D2TIS0,FunSoC
D2TJZ4,FunSoC
D2TKD7,FunSoC
D2TKE8,FunSoC
D2TML3,FunSoC
D2TRX7,FunSoC
D2TRX8,FunSoC
D2TRY0,FunSoC
D2TT38,FunSoC
D2TTX8,FunSoC
D2X5W3,FunSoC
D2X5W4,FunSoC
D2Y3B0,FunSoC
D2YZL7,FunSoC
D3QNI4,FunSoC
D3QPP3,FunSoC
D4ARW0,FunSoC
D4CZZ2,FunSoC
D4CZZ3,FunSoC
D4CZZ4,FunSoC
D4CZZ5,FunSoC
D4N871,FunSoC
D5AWV9,FunSoC
D5GU46,FunSoC
D5Q077,FunSoC
D7UPN2,FunSoC
D7XVM6,FunSoC
D8H406,FunSoC
D8HA66,FunSoC
D8HA97,FunSoC
D8L2F9,FunSoC
D8P467,FunSoC
D9IFN8,FunSoC
D9N1A1,FunSoC
E0W4Y2,FunSoC
E0WMB8,FunSoC
E1APE6,FunSoC
E1UIV7,FunSoC
E1WAC2,FunSoC
E1WAC6,FunSoC
E1WH94,FunSoC
E2DWQ7,FunSoC
E5RWT2,FunSoC
E6NS60,FunSoC
E6S2G3,FunSoC
E7A5A5,FunSoC
E7C196,FunSoC
E7DRP1,FunSoC
E8XH69,FunSoC
E9R876,FunSoC
E9R9Y3,FunSoC
E9RAH5,FunSoC
E9RCR4,FunSoC
F0JAE9,FunSoC
F2S6Z9,FunSoC
F2S700,FunSoC
F2S701,FunSoC
F2S702,FunSoC
F2YI08,FunSoC
F5HEU7,FunSoC
F6M8N2,FunSoC
F8QNL5,FunSoC
F8UF72,FunSoC
G0Z026,FunSoC
G1FM79,FunSoC
G1FQR7,FunSoC
G1UBC2,FunSoC
G3FJ05,FunSoC
G3XDA1,FunSoC
G4KNR6,FunSoC
G4XKY9,FunSoC
G4YUT3,FunSoC
G4ZHR2,FunSoC
G4ZHR3,FunSoC
G4ZLE6,FunSoC
G5A8D2,FunSoC
G5MKL7,FunSoC
G7QEH8,FunSoC
G7TEN6,FunSoC
G7TJZ8,FunSoC
G7ZU83,FunSoC
G8H300,FunSoC
G8H305,FunSoC
G8UX42,FunSoC
G8Z3N0,FunSoC
H4IFT5,FunSoC
H4IVK2,FunSoC
H4JCS1,FunSoC
H4LGY2,FunSoC
H7C638,FunSoC
H7C7E3,FunSoC
H7C7G1,FunSoC
H8ZQR5,FunSoC
H8ZQR6,FunSoC
H9L494,FunSoC
I0AZN2,FunSoC
I1S2J8,FunSoC
I1S3C6,FunSoC
I1S3T9,FunSoC
I1S5P3,FunSoC
I3U4K3,FunSoC
I3XID8,FunSoC
I6L8L6,FunSoC
I6X486,FunSoC
I6XFS7,FunSoC
I6Y4D2,FunSoC
I6YB49,FunSoC
J2DM45,FunSoC
J7QLC0,FunSoC
J9QWU7,FunSoC
J9TBE8,FunSoC
J9TDZ0,FunSoC
J9TEG5,FunSoC
K0I7R4,FunSoC
K4JZ43,FunSoC
K4Q7E0,FunSoC
K7Y329,FunSoC
K9MCH1,FunSoC
K9MCX0,FunSoC
K9N5Q8,FunSoC
L0GBQ6,FunSoC
L0PQJ9,FunSoC
L0PR31,FunSoC
L0T5T4,FunSoC
L7N675,FunSoC
L7N680,FunSoC
L7N681,FunSoC
L7N695,FunSoC
L7S0V3,FunSoC
M1KAM9,FunSoC
M1KFC8,FunSoC
M1KFF6,FunSoC
M1KFY6,FunSoC
M2BHQ4,FunSoC
M2SNN6,FunSoC
M2SQ20,FunSoC
M9ZTT7,FunSoC
N4WE43,FunSoC
N4WEA4,FunSoC
N4WHA7,FunSoC
N4WHE3,FunSoC
N4WR35,FunSoC
N4WW42,FunSoC
O00933,FunSoC
O05961,FunSoC
O06522,FunSoC
O06523,FunSoC
O06949,FunSoC
O11982,FunSoC
O12157,FunSoC
O12164,FunSoC
O12165,FunSoC
O12674,FunSoC
O12792,FunSoC
O13317,FunSoC
O13345,FunSoC
O22415,FunSoC
O30916,FunSoC
O32591,FunSoC
O33641,FunSoC
O34208,FunSoC
O41804,FunSoC
O42255,FunSoC
O42256,FunSoC
O42716,FunSoC
O50319,FunSoC
O50665,FunSoC
O50835,FunSoC
O50957,FunSoC
O50983,FunSoC
O51056,FunSoC
O52248,FunSoC
O52623,FunSoC
O53289,FunSoC
O53361,FunSoC
O53692,FunSoC
O53720,FunSoC
O53965,FunSoC
O54081,FunSoC
O54082,FunSoC
O54294,FunSoC
O55809,FunSoC
O56850,FunSoC
O57327,FunSoC
O61668,FunSoC
O67996,FunSoC
O68164,FunSoC
O68703,FunSoC
O68720,FunSoC
O68900,FunSoC
O69275,FunSoC
O70903,FunSoC
O72756,FunSoC
O82882,FunSoC
O84008,FunSoC
O84103,FunSoC
O84107,FunSoC
O84144,FunSoC
O84145,FunSoC
O84146,FunSoC
O84168,FunSoC
O84226,FunSoC
O84232,FunSoC
O84290,FunSoC
O84448,FunSoC
O84626,FunSoC
O84627,FunSoC
O84673,FunSoC
O84819,FunSoC
O84858,FunSoC
O84875,FunSoC
O84876,FunSoC
O84883,FunSoC
O84944,FunSoC
O84951,FunSoC
O84952,FunSoC
O85168,FunSoC
O85645,FunSoC
O85671,FunSoC
O88093,FunSoC
O89293,FunSoC
O89945,FunSoC
O90369,FunSoC
O91087,FunSoC
O92374,FunSoC
P00553,FunSoC
P00588,FunSoC
P00807,FunSoC
P00981,FunSoC
P01136,FunSoC
P01399,FunSoC
P01402,FunSoC
P01415,FunSoC
P01501,FunSoC
P01556,FunSoC
P02879,FunSoC
P02976,FunSoC
P02979,FunSoC
P02983,FunSoC
P03070,FunSoC
P03081,FunSoC
P03087,FunSoC
P03126,FunSoC
P03129,FunSoC
P03169,FunSoC
P03180,FunSoC
P03186,FunSoC
P03203,FunSoC
P03204,FunSoC
P03206,FunSoC
P03208,FunSoC
P03211,FunSoC
P03217,FunSoC
P03228,FunSoC
P03230,FunSoC
P03239,FunSoC
P03241,FunSoC
P03243,FunSoC
P03244,FunSoC
P03247,FunSoC
P03254,FunSoC
P03255,FunSoC
P03300,FunSoC
P03305,FunSoC
P03306,FunSoC
P03307,FunSoC
P03308,FunSoC
P03309,FunSoC
P03310,FunSoC
P03311,FunSoC
P03312,FunSoC
P03313,FunSoC
P03314,FunSoC
P03317,FunSoC
P03370,FunSoC
P03404,FunSoC
P03406,FunSoC
P03407,FunSoC
P03416,FunSoC
P03428,FunSoC
P03452,FunSoC
P03468,FunSoC
P03496,FunSoC
P03519,FunSoC
P03522,FunSoC
P03535,FunSoC
P03545,FunSoC
P03564,FunSoC
P03566,FunSoC
P03583,FunSoC
P04020,FunSoC
P04203,FunSoC
P04297,FunSoC
P04324,FunSoC
P04326,FunSoC
P04512,FunSoC
P04513,FunSoC
P04577,FunSoC
P04578,FunSoC
P04585,FunSoC
P04601,FunSoC
P04602,FunSoC
P04603,FunSoC
P04604,FunSoC
P04608,FunSoC
P04610,FunSoC
P04613,FunSoC
P04614,FunSoC
P04958,FunSoC
P04977,FunSoC
P04978,FunSoC
P04979,FunSoC
P04981,FunSoC
P05192,FunSoC
P05854,FunSoC
P05855,FunSoC
P05856,FunSoC
P05857,FunSoC
P05858,FunSoC
P05859,FunSoC
P05883,FunSoC
P05905,FunSoC
P05907,FunSoC
P05919,FunSoC
P05923,FunSoC
P06185,FunSoC
P06200,FunSoC
P06427,FunSoC
P06463,FunSoC
P06464,FunSoC
P06717,FunSoC
P06750,FunSoC
P06788,FunSoC
P06821,FunSoC
P06886,FunSoC
P06935,FunSoC
P06936,FunSoC
P06937,FunSoC
P06940,FunSoC
P07239,FunSoC
P07396,FunSoC
P07593,FunSoC
P07767,FunSoC
P07965,FunSoC
P08008,FunSoC
P08026,FunSoC
P08148,FunSoC
P08362,FunSoC
P08434,FunSoC
P08538,FunSoC
P08878,FunSoC
P08881,FunSoC
P09167,FunSoC
P09251,FunSoC
P09255,FunSoC
P09260,FunSoC
P09310,FunSoC
P09331,FunSoC
P09332,FunSoC
P09385,FunSoC
P09386,FunSoC
P09545,FunSoC
P09591,FunSoC
P09599,FunSoC
P09616,FunSoC
P09757,FunSoC
P09790,FunSoC
P09989,FunSoC
P09992,FunSoC
P0A015,FunSoC
P0A074,FunSoC
P0A076,FunSoC
P0A077,FunSoC
P0A0J7,FunSoC
P0A1I3,FunSoC
P0A1I4,FunSoC
P0A1K3,FunSoC
P0A1K4,FunSoC
P0A1K6,FunSoC
P0A1K8,FunSoC
P0A1L0,FunSoC
P0A1L4,FunSoC
P0A1L8,FunSoC
P0A1M6,FunSoC
P0A1M7,FunSoC
P0A1N0,FunSoC
P0A2M9,FunSoC
P0A2N0,FunSoC
P0A2N1,FunSoC
P0A2N3,FunSoC
P0A2U5,FunSoC
P0A3M2,FunSoC
P0A3M3,FunSoC
P0A3R5,FunSoC
P0A3S3,FunSoC
P0A3S4,FunSoC
P0A3Y6,FunSoC
P0A4D6,FunSoC
P0A4H2,FunSoC
P0A565,FunSoC
P0A567,FunSoC
P0A8I3,FunSoC
P0A910,FunSoC
P0A911,FunSoC
P0AD64,FunSoC
P0C047,FunSoC
P0C051,FunSoC
P0C0I5,FunSoC
P0C0I7,FunSoC
P0C0J0,FunSoC
P0C0J1,FunSoC
P0C0Q4,FunSoC
P0C1S0,FunSoC
P0C216,FunSoC
P0C2D5,FunSoC
P0C2E9,FunSoC
P0C2J9,FunSoC
P0C2N1,FunSoC
P0C2T3,FunSoC
P0C398,FunSoC
P0C525,FunSoC
P0C526,FunSoC
P0C527,FunSoC
P0C528,FunSoC
P0C533,FunSoC
P0C534,FunSoC
P0C536,FunSoC
P0C537,FunSoC
P0C5F0,FunSoC
P0C6Q6,FunSoC
P0C6X7,FunSoC
P0C725,FunSoC
P0C739,FunSoC
P0C759,FunSoC
P0C774,FunSoC
P0C775,FunSoC
P0C7U7,FunSoC
P0C9V3,FunSoC
P0CAR4,FunSoC
P0CAR5,FunSoC
P0CE12,FunSoC
P0CG44,FunSoC
P0CI27,FunSoC
P0CK58,FunSoC
P0CL12,FunSoC
P0CL52,FunSoC
P0CV73,FunSoC
P0CZ04,FunSoC
P0DD34,FunSoC
P0DD35,FunSoC
P0DD38,FunSoC
P0DF96,FunSoC
P0DF97,FunSoC
P0DG08,FunSoC
P0DJI3,FunSoC
P0DJI4,FunSoC
P0DJY8,FunSoC
P0DKX7,FunSoC
P0DL41,FunSoC
P0DMB6,FunSoC
P0DMB7,FunSoC
P0DMB8,FunSoC
P0DMY0,FunSoC
P0DOF0,FunSoC
P0DON5,FunSoC
P0DPA6,FunSoC
P0DPA7,FunSoC
P0DPA8,FunSoC
P0DPA9,FunSoC
P0DPI0,FunSoC
P0DPI1,FunSoC
P0DPR0,FunSoC
P0DPR1,FunSoC
P0DPR4,FunSoC
P0DPR5,FunSoC
P0DQD2,FunSoC
P0DTC1,FunSoC
P0DTC2,FunSoC
P0DTC6,FunSoC
P0DTC7,FunSoC
P0DTC8,FunSoC
P0DTC9,FunSoC
P0DTD1,FunSoC
P10149,FunSoC
P10225,FunSoC
P10324,FunSoC
P10520,FunSoC
P10844,FunSoC
P10858,FunSoC
P10952,FunSoC
P11296,FunSoC
P11311,FunSoC
P11439,FunSoC
P11504,FunSoC
P11922,FunSoC
P12255,FunSoC
P12449,FunSoC
P12479,FunSoC
P12977,FunSoC
P12978,FunSoC
P13128,FunSoC
P13202,FunSoC
P13285,FunSoC
P13513,FunSoC
P13699,FunSoC
P13720,FunSoC
P13835,FunSoC
P14171,FunSoC
P14336,FunSoC
P14677,FunSoC
P14727,FunSoC
P14738,FunSoC
P14756,FunSoC
P15058,FunSoC
P15059,FunSoC
P15072,FunSoC
P15273,FunSoC
P15805,FunSoC
P15831,FunSoC
P15879,FunSoC
P15917,FunSoC
P15926,FunSoC
P16026,FunSoC
P16154,FunSoC
P16285,FunSoC
P16454,FunSoC
P16575,FunSoC
P17361,FunSoC
P17362,FunSoC
P17370,FunSoC
P17371,FunSoC
P17387,FunSoC
P17450,FunSoC
P17452,FunSoC
P17664,FunSoC
P17739,FunSoC
P17755,FunSoC
P17778,FunSoC
P17811,FunSoC
P17953,FunSoC
P17978,FunSoC
P18009,FunSoC
P18011,FunSoC
P18012,FunSoC
P18040,FunSoC
P18094,FunSoC
P18177,FunSoC
P18378,FunSoC
P18541,FunSoC
P18640,FunSoC
P18801,FunSoC
P19247,FunSoC
P19250,FunSoC
P19321,FunSoC
P19545,FunSoC
P19546,FunSoC
P20149,FunSoC
P20656,FunSoC
P20867,FunSoC
P20872,FunSoC
P20879,FunSoC
P20886,FunSoC
P20893,FunSoC
P21004,FunSoC
P21013,FunSoC
P21038,FunSoC
P21073,FunSoC
P21092,FunSoC
P21100,FunSoC
P21401,FunSoC
P21454,FunSoC
P21605,FunSoC
P21698,FunSoC
P22251,FunSoC
P22262,FunSoC
P22363,FunSoC
P22542,FunSoC
P23865,FunSoC
P23954,FunSoC
P24017,FunSoC
P24105,FunSoC
P24356,FunSoC
P24357,FunSoC
P24398,FunSoC
P24419,FunSoC
P24735,FunSoC
P24738,FunSoC
P24741,FunSoC
P24756,FunSoC
P24766,FunSoC
P24768,FunSoC
P24770,FunSoC
P24932,FunSoC
P25051,FunSoC
P25213,FunSoC
P25256,FunSoC
P25676,FunSoC
P25677,FunSoC
P25678,FunSoC
P25679,FunSoC
P25680,FunSoC
P25910,FunSoC
P26662,FunSoC
P26761,FunSoC
P26839,FunSoC
P26841,FunSoC
P27475,FunSoC
P27559,FunSoC
P27560,FunSoC
P27561,FunSoC
P27679,FunSoC
P27945,FunSoC
P27951,FunSoC
P28029,FunSoC
P28296,FunSoC
P28307,FunSoC
P28590,FunSoC
P28878,FunSoC
P29180,FunSoC
P29182,FunSoC
P29186,FunSoC
P29808,FunSoC
P30030,FunSoC
P30031,FunSoC
P30141,FunSoC
P30690,FunSoC
P30995,FunSoC
P30996,FunSoC
P31294,FunSoC
P31489,FunSoC
P31492,FunSoC
P31493,FunSoC
P31498,FunSoC
P31522,FunSoC
P31716,FunSoC
P31741,FunSoC
P31743,FunSoC
P31760,FunSoC
P31852,FunSoC
P32510,FunSoC
P32536,FunSoC
P32722,FunSoC
P32890,FunSoC
P33183,FunSoC
P33376,FunSoC
P33377,FunSoC
P33378,FunSoC
P33379,FunSoC
P33383,FunSoC
P33449,FunSoC
P33546,FunSoC
P33863,FunSoC
P33875,FunSoC
P33876,FunSoC
P34015,FunSoC
P34016,FunSoC
P34024,FunSoC
P34182,FunSoC
P34204,FunSoC
P35260,FunSoC
P35641,FunSoC
P35672,FunSoC
P35959,FunSoC
P37045,FunSoC
P37132,FunSoC
P37321,FunSoC
P37708,FunSoC
P37920,FunSoC
P38368,FunSoC
P38442,FunSoC
P39165,FunSoC
P40136,FunSoC
P40252,FunSoC
P40290,FunSoC
P40291,FunSoC
P40294,FunSoC
P40695,FunSoC
P41359,FunSoC
P41746,FunSoC
P41784,FunSoC
P41786,FunSoC
P41797,FunSoC
P41850,FunSoC
P42485,FunSoC
P42782,FunSoC
P43313,FunSoC
P43685,FunSoC
P43839,FunSoC
P43840,FunSoC
P44969,FunSoC
P45384,FunSoC
P45385,FunSoC
P45386,FunSoC
P45492,FunSoC
P45697,FunSoC
P45755,FunSoC
P45772,FunSoC
P45995,FunSoC
P45996,FunSoC
P46025,FunSoC
P46026,FunSoC
P46027,FunSoC
P46081,FunSoC
P46083,FunSoC
P46085,FunSoC
P49303,FunSoC
P49343,FunSoC
P49344,FunSoC
P50161,FunSoC
P50870,FunSoC
P52002,FunSoC
P52106,FunSoC
P52477,FunSoC
P52663,FunSoC
P53510,FunSoC
P54355,FunSoC
P55128,FunSoC
P55220,FunSoC
P55980,FunSoC
P58099,FunSoC
P58233,FunSoC
P58370,FunSoC
P58997,FunSoC
P59072,FunSoC
P59073,FunSoC
P59116,FunSoC
P59368,FunSoC
P59594,FunSoC
P59596,FunSoC
P59632,FunSoC
P59635,FunSoC
P59637,FunSoC
P68261,FunSoC
P68450,FunSoC
P68451,FunSoC
P68466,FunSoC
P68587,FunSoC
P68600,FunSoC
P68638,FunSoC
P68640,FunSoC
P68802,FunSoC
P68885,FunSoC
P68978,FunSoC
P69066,FunSoC
P69178,FunSoC
P69179,FunSoC
P69180,FunSoC
P69332,FunSoC
P69697,FunSoC
P69698,FunSoC
P69699,FunSoC
P69723,FunSoC
P69726,FunSoC
P69778,FunSoC
P69970,FunSoC
P69971,FunSoC
P69972,FunSoC
P69974,FunSoC
P69975,FunSoC
P69976,FunSoC
P69977,FunSoC
P69980,FunSoC
P69981,FunSoC
P69982,FunSoC
P69983,FunSoC
P69984,FunSoC
P71814,FunSoC
P74849,FunSoC
P74851,FunSoC
P74854,FunSoC
P74873,FunSoC
P74977,FunSoC
P74988,FunSoC
P75344,FunSoC
P75395,FunSoC
P75409,FunSoC
P77398,FunSoC
P80156,FunSoC
P81177,FunSoC
P81446,FunSoC
P82662,FunSoC
P82683,FunSoC
P84715,FunSoC
P85247,FunSoC
P85421,FunSoC
P86804,FunSoC
P87017,FunSoC
P87020,FunSoC
P87597,FunSoC
P87617,FunSoC
P87631,FunSoC
P89059,FunSoC
P89061,FunSoC
P89063,FunSoC
P95434,FunSoC
P95435,FunSoC
P96747,FunSoC
P96943,FunSoC
P98185,FunSoC
P99134,FunSoC
P9WGU1,FunSoC
P9WHX3,FunSoC
P9WHZ3,FunSoC
P9WHZ9,FunSoC
P9WI05,FunSoC
P9WI34,FunSoC
P9WI35,FunSoC
P9WI39,FunSoC
P9WI42,FunSoC
P9WI43,FunSoC
P9WI47,FunSoC
P9WI73,FunSoC
P9WIA0,FunSoC
P9WIA1,FunSoC
P9WIG2,FunSoC
P9WIG7,FunSoC
P9WIH1,FunSoC
P9WIP8,FunSoC
P9WIP9,FunSoC
P9WIV9,FunSoC
P9WJ62,FunSoC
P9WJ63,FunSoC
P9WJ97,FunSoC
P9WJA3,FunSoC
P9WJB6,FunSoC
P9WJB7,FunSoC
P9WJD5,FunSoC
P9WJD7,FunSoC
P9WJD9,FunSoC
P9WJH7,FunSoC
P9WK45,FunSoC
P9WK48,FunSoC
P9WK49,FunSoC
P9WK55,FunSoC
P9WK58,FunSoC
P9WK59,FunSoC
P9WK61,FunSoC
P9WKY5,FunSoC
P9WNI9,FunSoC
P9WNK2,FunSoC
P9WNK4,FunSoC
P9WNK5,FunSoC
P9WNK6,FunSoC
P9WNK7,FunSoC
P9WNR6,FunSoC
P9WPE7,FunSoC
P9WQJ1,FunSoC
P9WQN9,FunSoC
P9WQP3,FunSoC
Q00258,FunSoC
Q00278,FunSoC
Q00879,FunSoC
Q00909,FunSoC
Q00983,FunSoC
Q01245,FunSoC
Q01250,FunSoC
Q01251,FunSoC
Q01252,FunSoC
Q01253,FunSoC
Q01723,FunSoC
Q02192,FunSoC
Q02307,FunSoC
Q02471,FunSoC
Q02736,FunSoC
Q02MI4,FunSoC
Q02RJ6,FunSoC
Q03023,FunSoC
Q03035,FunSoC
Q03170,FunSoC
Q03332,FunSoC
Q03339,FunSoC
Q03945,FunSoC
Q03946,FunSoC
Q04037,FunSoC
Q04874,FunSoC
Q04875,FunSoC
Q04876,FunSoC
Q04877,FunSoC
Q04878,FunSoC
Q04879,FunSoC
Q04880,FunSoC
Q04881,FunSoC
Q04882,FunSoC
Q04883,FunSoC
Q04884,FunSoC
Q04IN8,FunSoC
Q05127,FunSoC
Q05128,FunSoC
Q05320,FunSoC
Q05322,FunSoC
Q05709,FunSoC
Q05861,FunSoC
Q06076,FunSoC
Q06077,FunSoC
Q06114,FunSoC
Q06131,FunSoC
Q06241,FunSoC
Q06242,FunSoC
Q06277,FunSoC
Q06381,FunSoC
Q07227,FunSoC
Q07337,FunSoC
Q07566,FunSoC
Q07730,FunSoC
Q08823,FunSoC
Q0E782,FunSoC
Q0P7J1,FunSoC
Q0P7J2,FunSoC
Q0P7J3,FunSoC
Q0P7J4,FunSoC
Q0P7J8,FunSoC
Q0P7K4,FunSoC
Q0P7K8,FunSoC
Q0P928,FunSoC
Q0PZG3,FunSoC
Q0PZH6,FunSoC
Q0Q2G6,FunSoC
Q0TV31,FunSoC
Q0VHC3,FunSoC
Q10838,FunSoC
Q12053,FunSoC
Q12062,FunSoC
Q12120,FunSoC
Q12437,FunSoC
Q12612,FunSoC
Q12732,FunSoC
Q14U76,FunSoC
Q14U84,FunSoC
Q18BJ5,FunSoC
Q19QW6,FunSoC
Q19QX0,FunSoC
Q1A242,FunSoC
Q1A260,FunSoC
Q1JF87,FunSoC
Q1JSN3,FunSoC
Q1L129,FunSoC
Q1PD52,FunSoC
Q1PIJ6,FunSoC
Q1PJ24,FunSoC
Q1W694,FunSoC
Q1X880,FunSoC
Q202E9,FunSoC
Q26015,FunSoC
Q29ST3,FunSoC
Q2A0P0,FunSoC
Q2A1M0,FunSoC
Q2FD94,FunSoC
Q2FJ77,FunSoC
Q2FVK1,FunSoC
Q2FVK2,FunSoC
Q2FVK5,FunSoC
Q2FW21,FunSoC
Q2FWW1,FunSoC
Q2FXB1,FunSoC
Q2FY80,FunSoC
Q2FZL3,FunSoC
Q2FZW3,FunSoC
Q2G0B1,FunSoC
Q2G0D9,FunSoC
Q2G0X7,FunSoC
Q2G184,FunSoC
Q2G2R8,FunSoC
Q2GFG0,FunSoC
Q2GG12,FunSoC
Q2GG68,FunSoC
Q2GGE3,FunSoC
Q2GHK1,FunSoC
Q2GIB5,FunSoC
Q2GJL5,FunSoC
Q2GLA1,FunSoC
Q2HRD5,FunSoC
Q2I744,FunSoC
Q2LDQ4,FunSoC
Q2LDQ5,FunSoC
Q2LMP0,FunSoC
Q2M405,FunSoC
Q2MV43,FunSoC
Q2MV49,FunSoC
Q2PAY3,FunSoC
Q2QCJ5,FunSoC
Q2QFL5,FunSoC
Q2T6X6,FunSoC
Q2T6X7,FunSoC
Q2T6Y0,FunSoC
Q2T6Y1,FunSoC
Q2TH08,FunSoC
Q2VBN3,FunSoC
Q2VP03,FunSoC
Q2WG46,FunSoC
Q2YIT5,FunSoC
Q2YIT8,FunSoC
Q2YJ75,FunSoC
Q2YJ76,FunSoC
Q2YJ78,FunSoC
Q2YJ79,FunSoC
Q2YJ82,FunSoC
Q2YLD2,FunSoC
Q2YNH3,FunSoC
Q2YPC4,FunSoC
Q2YQ47,FunSoC
Q2YR64,FunSoC
Q2YRH9,FunSoC
Q2YRI6,FunSoC
Q2YS16,FunSoC
Q2YS40,FunSoC
Q31TN1,FunSoC
Q326S7,FunSoC
Q32GM1,FunSoC
Q32TH9,FunSoC
Q32TI0,FunSoC
Q332E0,FunSoC
Q332E1,FunSoC
Q3BW18,FunSoC
Q3BY51,FunSoC
Q3BYJ5,FunSoC
Q3BYV8,FunSoC
Q3C000,FunSoC
Q3I9I1,FunSoC
Q3JL23,FunSoC
Q3JL30,FunSoC
Q3JL32,FunSoC
Q3JL44,FunSoC
Q3KST1,FunSoC
Q3Y124,FunSoC
Q3Y248,FunSoC
Q3Y3U5,FunSoC
Q3YJR5,FunSoC
Q3ZK64,FunSoC
Q3ZTQ1,FunSoC
Q41358,FunSoC
Q41389,FunSoC
Q41391,FunSoC
Q44636,FunSoC
Q44664,FunSoC
Q44781,FunSoC
Q44790,FunSoC
Q45321,FunSoC
Q45335,FunSoC
Q45336,FunSoC
Q45340,FunSoC
Q45689,FunSoC
Q45847,FunSoC
Q45894,FunSoC
Q45UF1,FunSoC
Q46094,FunSoC
Q46101,FunSoC
Q46120,FunSoC
Q46149,FunSoC
Q46669,FunSoC
Q47038,FunSoC
Q47106,FunSoC
Q47692,FunSoC
Q47867,FunSoC
Q48216,FunSoC
Q48217,FunSoC
Q48218,FunSoC
Q48219,FunSoC
Q48220,FunSoC
Q48221,FunSoC
Q48245,FunSoC
Q48473,FunSoC
Q48B92,FunSoC
Q4JQW6,FunSoC
Q4LDT7,FunSoC
Q4LDT9,FunSoC
Q4MKW0,FunSoC
Q4MV79,FunSoC
Q4PIR6,FunSoC
Q4PIR8,FunSoC
Q4QS99,FunSoC
Q4QSA0,FunSoC
Q4VPQ3,FunSoC
Q4WA58,FunSoC
Q4WA60,FunSoC
Q4WA61,FunSoC
Q4WA62,FunSoC
Q4WJ01,FunSoC
Q4WMJ0,FunSoC
Q4WMJ1,FunSoC
Q4WMJ7,FunSoC
Q4WMJ8,FunSoC
Q4WMJ9,FunSoC
Q4WMK0,FunSoC
Q4WTI4,FunSoC
Q4ZFT6,FunSoC
Q4ZX82,FunSoC
Q51397,FunSoC
Q51487,FunSoC
Q52400,FunSoC
Q52401,FunSoC
Q52432,FunSoC
Q52473,FunSoC
Q52NH2,FunSoC
Q52NH3,FunSoC
Q52S23,FunSoC
Q52SK7,FunSoC
Q53591,FunSoC
Q53637,FunSoC
Q53653,FunSoC
Q53654,FunSoC
Q53662,FunSoC
Q53770,FunSoC
Q54151,FunSoC
Q541T1,FunSoC
Q54972,FunSoC
Q56019,FunSoC
Q56022,FunSoC
Q56052,FunSoC
Q56061,FunSoC
Q56134,FunSoC
Q56135,FunSoC
Q563B4,FunSoC
Q564A5,FunSoC
Q56780,FunSoC
Q56830,FunSoC
Q56957,FunSoC
Q57176,FunSoC
Q57394,FunSoC
Q57506,FunSoC
Q57AG8,FunSoC
Q57AG9,FunSoC
Q57CN3,FunSoC
Q57EI0,FunSoC
Q57FA5,FunSoC
Q57KZ6,FunSoC
Q57M66,FunSoC
Q57PM9,FunSoC
Q59448,FunSoC
Q59947,FunSoC
Q5AAL9,FunSoC
Q5AD07,FunSoC
Q5AL03,FunSoC
Q5DIQ5,FunSoC
Q5DIR4,FunSoC
Q5EK40,FunSoC
Q5F7V4,FunSoC
Q5F832,FunSoC
Q5GWM0,FunSoC
Q5HDD3,FunSoC
Q5HDD4,FunSoC
Q5K1Z4,FunSoC
Q5K5M3,FunSoC
Q5MWV9,FunSoC
Q5NEC5,FunSoC
Q5NEC8,FunSoC
Q5NED2,FunSoC
Q5NED3,FunSoC
Q5NEP9,FunSoC
Q5NF87,FunSoC
Q5NFG1,FunSoC
Q5NHJ6,FunSoC
Q5NHK1,FunSoC
Q5NHS6,FunSoC
Q5PEA9,FunSoC
Q5PEX4,FunSoC
Q5PFI5,FunSoC
Q5PH64,FunSoC
Q5PHN0,FunSoC
Q5PI48,FunSoC
Q5PM92,FunSoC
Q5QC83,FunSoC
Q5QT02,FunSoC
Q5QT04,FunSoC
Q5WTU3,FunSoC
Q5WZW9,FunSoC
Q5X159,FunSoC
Q5X9P3,FunSoC
Q5X9R0,FunSoC
Q5XB82,FunSoC
Q5XKZ8,FunSoC
Q5Y189,FunSoC
Q5ZER2,FunSoC
Q5ZRP9,FunSoC
Q5ZSD5,FunSoC
Q5ZSJ1,FunSoC
Q5ZSJ8,FunSoC
Q5ZSK6,FunSoC
Q5ZSK9,FunSoC
Q5ZSN5,FunSoC
Q5ZSQ2,FunSoC
Q5ZSQ3,FunSoC
Q5ZSS3,FunSoC
Q5ZSV5,FunSoC
Q5ZT67,FunSoC
Q5ZTE6,FunSoC
Q5ZTI6,FunSoC
Q5ZTK4,FunSoC
Q5ZTK5,FunSoC
Q5ZTK8,FunSoC
Q5ZTL7,FunSoC
Q5ZTM4,FunSoC
Q5ZU32,FunSoC
Q5ZU36,FunSoC
Q5ZU55,FunSoC
Q5ZU58,FunSoC
Q5ZU83,FunSoC
Q5ZUC3,FunSoC
Q5ZUD2,FunSoC
Q5ZUS4,FunSoC
Q5ZUV9,FunSoC
Q5ZVT5,FunSoC
Q5ZWE8,FunSoC
Q5ZWW6,FunSoC
Q5ZWZ3,FunSoC
Q5ZXE0,FunSoC
Q5ZXN5,FunSoC
Q5ZXN6,FunSoC
Q5ZYD3,FunSoC
Q5ZYF0,FunSoC
Q5ZYH9,FunSoC
Q5ZYX7,FunSoC
Q5ZZK2,FunSoC
Q60393,FunSoC
Q63K37,FunSoC
Q63K38,FunSoC
Q63K40,FunSoC
Q63K41,FunSoC
Q63K42,FunSoC
Q63K70,FunSoC
Q63K71,FunSoC
Q63UP7,FunSoC
Q65194,FunSoC
Q65212,FunSoC
Q663J7,FunSoC
Q663K1,FunSoC
Q66468,FunSoC
Q66479,FunSoC
Q66677,FunSoC
Q675N6,FunSoC
Q676F2,FunSoC
Q67905,FunSoC
Q69554,FunSoC
Q699Q4,FunSoC
Q69CJ8,FunSoC
Q6EAT3,FunSoC
Q6EZC2,FunSoC
Q6G2A8,FunSoC
Q6G2A9,FunSoC
Q6G2B3,FunSoC
Q6G2B4,FunSoC
Q6G8A9,FunSoC
Q6GBE4,FunSoC
Q6GE12,FunSoC
Q6GE13,FunSoC
Q6GIV6,FunSoC
Q6GX35,FunSoC
Q6H266,FunSoC
Q6ITZ3,FunSoC
Q6IUF9,FunSoC
Q6IVU5,FunSoC
Q6JK69,FunSoC
Q6KDM7,FunSoC
Q6LAD6,FunSoC
Q6MWX1,FunSoC
Q6MX18,FunSoC
Q6NK15,FunSoC
Q6PLD0,FunSoC
Q6Q512,FunSoC
Q6QCC2,FunSoC
Q6QT02,FunSoC
Q6R659,FunSoC
Q6R661,FunSoC
Q6RKD0,FunSoC
Q6RKD1,FunSoC
Q6RYA7,FunSoC
Q6RYA8,FunSoC
Q6RYW5,FunSoC
Q6SW29,FunSoC
Q6T6T6,FunSoC
Q6TNA5,FunSoC
Q6TP03,FunSoC
Q6TQR6,FunSoC
Q6UEG2,FunSoC
Q6UEG5,FunSoC
Q6UEG8,FunSoC
Q6UEH4,FunSoC
Q6UEH5,FunSoC
Q6UY62,FunSoC
Q6UY71,FunSoC
Q6WAT6,FunSoC
Q6WUC2,FunSoC
Q6X1Y7,FunSoC
Q6YLV5,FunSoC
Q6YP71,FunSoC
Q70627,FunSoC
Q709D8,FunSoC
Q709E0,FunSoC
Q70Q73,FunSoC
Q71HP5,FunSoC
Q71JV0,FunSoC
Q71SM4,FunSoC
Q72NC8,FunSoC
Q72NF9,FunSoC
Q72R05,FunSoC
Q72V39,FunSoC
Q73372,FunSoC
Q74126,FunSoC
Q75009,FunSoC
Q76638,FunSoC
Q76639,FunSoC
Q76CA2,FunSoC
Q76PU6,FunSoC
Q76U48,FunSoC
Q76U62,FunSoC
Q77378,FunSoC
Q776Q3,FunSoC
Q779K3,FunSoC
Q779K4,FunSoC
Q77HN7,FunSoC
Q77MQ6,FunSoC
Q77Q91,FunSoC
Q77VF1,FunSoC
Q77YB8,FunSoC
Q77YB9,FunSoC
Q783R0,FunSoC
Q783R1,FunSoC
Q79671,FunSoC
Q79BT1,FunSoC
Q79FA8,FunSoC
Q79FE1,FunSoC
Q79FE6,FunSoC
Q79FH3,FunSoC
Q79FI9,FunSoC
Q79FK5,FunSoC
Q79FL8,FunSoC
Q79FR3,FunSoC
Q79FR5,FunSoC
Q79FS8,FunSoC
Q79FU2,FunSoC
Q79FX8,FunSoC
Q79JW1,FunSoC
Q7A0F6,FunSoC
Q7A3V0,FunSoC
Q7A6X2,FunSoC
Q7A7N0,FunSoC
Q7AK26,FunSoC
Q7AYX9,FunSoC
Q7BCK4,FunSoC
Q7BD17,FunSoC
Q7BHL5,FunSoC
Q7BNL4,FunSoC
Q7BS42,FunSoC
Q7BSW5,FunSoC
Q7BU69,FunSoC
Q7CEG3,FunSoC
Q7CL96,FunSoC
Q7CQD4,FunSoC
Q7CQN4,FunSoC
Q7DB50,FunSoC
Q7DB74,FunSoC
Q7DB77,FunSoC
Q7DDJ2,FunSoC
Q7DIC3,FunSoC
Q7DJ53,FunSoC
Q7DK12,FunSoC
Q7LZ31,FunSoC
Q7M002,FunSoC
Q7M1Z2,FunSoC
Q7TDB3,FunSoC
Q7TDX0,FunSoC
Q7VTS2,FunSoC
Q7W4W3,FunSoC
Q7WC76,FunSoC
Q7WD07,FunSoC
Q7WFT9,FunSoC
Q7WRZ5,FunSoC
Q7WUL1,FunSoC
Q7X130,FunSoC
Q7Z7W6,FunSoC
Q7ZAK5,FunSoC
Q802B2,FunSoC
Q802B3,FunSoC
Q805H7,FunSoC
Q80A33,FunSoC
Q81JK8,FunSoC
Q81LB9,FunSoC
Q81LW0,FunSoC
Q81T06,FunSoC
Q82028,FunSoC
Q82029,FunSoC
Q82030,FunSoC
Q82033,FunSoC
Q82034,FunSoC
Q82035,FunSoC
Q82171,FunSoC
Q83A93,FunSoC
Q83A99,FunSoC
Q83AM0,FunSoC
Q83AQ8,FunSoC
Q83AR1,FunSoC
Q83AR2,FunSoC
Q83AT6,FunSoC
Q83AX3,FunSoC
Q83AX5,FunSoC
Q83AX6,FunSoC
Q83B42,FunSoC
Q83BF4,FunSoC
Q83BG5,FunSoC
Q83BL2,FunSoC
Q83BV2,FunSoC
Q83BW7,FunSoC
Q83C21,FunSoC
Q83CP6,FunSoC
Q83CX3,FunSoC
Q83D57,FunSoC
Q83DF6,FunSoC
Q83E03,FunSoC
Q83E04,FunSoC
Q83ED7,FunSoC
Q83F38,FunSoC
Q83F86,FunSoC
Q83FA5,FunSoC
Q83FB9,FunSoC
Q83U44,FunSoC
Q83VI1,FunSoC
Q83VI2,FunSoC
Q84940,FunSoC
Q84FI6,FunSoC
Q85318,FunSoC
Q85357,FunSoC
Q86LR2,FunSoC
Q86Z65,FunSoC
Q87GI9,FunSoC
Q87J05,FunSoC
Q87P32,FunSoC
Q87P38,FunSoC
Q887D0,FunSoC
Q89115,FunSoC
Q89460,FunSoC
Q89501,FunSoC
Q89607,FunSoC
Q89842,FunSoC
Q89933,FunSoC
Q8AY49,FunSoC
Q8AY51,FunSoC
Q8E1E8,FunSoC
Q8FDW4,FunSoC
Q8FXK7,FunSoC
Q8G0Y6,FunSoC
Q8G1Z9,FunSoC
Q8G2M6,FunSoC
Q8G2M7,FunSoC
Q8GAX8,FunSoC
Q8GKS5,FunSoC
Q8GN03,FunSoC
Q8GN04,FunSoC
Q8GPH6,FunSoC
Q8GTB6,FunSoC
Q8H6Z6,FunSoC
Q8HA00,FunSoC
Q8HA13,FunSoC
Q8I226,FunSoC
Q8I5C5,FunSoC
Q8ID66,FunSoC
Q8IJ55,FunSoC
Q8J127,FunSoC
Q8JL69,FunSoC
Q8JLH7,FunSoC
Q8JLI4,FunSoC
Q8JLI9,FunSoC
Q8JLJ3,FunSoC
Q8JNB2,FunSoC
Q8KXR5,FunSoC
Q8KXT5,FunSoC
Q8L394,FunSoC
Q8LW54,FunSoC
Q8NJC3,FunSoC
Q8NJQ3,FunSoC
Q8NKD4,FunSoC
Q8NZ80,FunSoC
Q8PBF6,FunSoC
Q8PN09,FunSoC
Q8RSY1,FunSoC
Q8TGA1,FunSoC
Q8TGA2,FunSoC
Q8TGC1,FunSoC
Q8UYJ3,FunSoC
Q8V4Q6,FunSoC
Q8V4R2,FunSoC
Q8V4R4,FunSoC
Q8V4R9,FunSoC
Q8V528,FunSoC
Q8V558,FunSoC
Q8V570,FunSoC
Q8VA51,FunSoC
Q8VA53,FunSoC
Q8VPM1,FunSoC
Q8VPW1,FunSoC
Q8VQB5,FunSoC
Q8VSC3,FunSoC
Q8VSD5,FunSoC
Q8VSL2,FunSoC
Q8VSP9,FunSoC
Q8VSQ6,FunSoC
Q8VSR1,FunSoC
Q8VSR2,FunSoC
Q8X3R0,FunSoC
Q8X4W3,FunSoC
Q8X4X3,FunSoC
Q8X509,FunSoC
Q8X782,FunSoC
Q8X831,FunSoC
Q8X9A5,FunSoC
Q8XAJ5,FunSoC
Q8XAL6,FunSoC
Q8XAL7,FunSoC
Q8XDQ1,FunSoC
Q8Y4I1,FunSoC
Q8Y557,FunSoC
Q8Y653,FunSoC
Q8Y6Q0,FunSoC
Q8Y7I6,FunSoC
Q8Y9T5,FunSoC
Q8YDY9,FunSoC
Q8YDZ1,FunSoC
Q8YF53,FunSoC
Q8YFY0,FunSoC
Q8Z453,FunSoC
Q8Z4G7,FunSoC
Q8Z4G9,FunSoC
Q8Z550,FunSoC
Q8Z6A7,FunSoC
Q8Z6M0,FunSoC
Q8Z727,FunSoC
Q8Z7R1,FunSoC
Q8Z8I4,FunSoC
Q8ZMM8,FunSoC
Q8ZNG2,FunSoC
Q8ZNR3,FunSoC
Q8ZP57,FunSoC
Q8ZPA6,FunSoC
Q8ZPD7,FunSoC
Q8ZPP2,FunSoC
Q8ZQ59,FunSoC
Q8ZQ79,FunSoC
Q8ZQC8,FunSoC
Q8ZQQ2,FunSoC
Q8ZR06,FunSoC
Q91E93,FunSoC
Q92405,FunSoC
Q92450,FunSoC
Q92G43,FunSoC
Q92G53,FunSoC
Q92JF7,FunSoC
Q92JP8,FunSoC
Q931F4,FunSoC
Q93C63,FunSoC
Q93K12,FunSoC
Q93KQ6,FunSoC
Q93MD0,FunSoC
Q93Q18,FunSoC
Q93RN4,FunSoC
Q93RR6,FunSoC
Q96706,FunSoC
Q96707,FunSoC
Q96UW0,FunSoC
Q96X30,FunSoC
Q98221,FunSoC
Q98222,FunSoC
Q98325,FunSoC
Q98326,FunSoC
Q98755,FunSoC
Q98993,FunSoC
Q99289,FunSoC
Q997F1,FunSoC
Q997F2,FunSoC
Q99FX5,FunSoC
Q99PZ6,FunSoC
Q99Q23,FunSoC
Q99RL1,FunSoC
Q99RP3,FunSoC
Q99T13,FunSoC
Q99VT5,FunSoC
Q99YM9,FunSoC
Q9A0J7,FunSoC
Q9A180,FunSoC
Q9AH17,FunSoC
Q9AH18,FunSoC
Q9AH19,FunSoC
Q9AJ33,FunSoC
Q9C1B7,FunSoC
Q9C1B8,FunSoC
Q9C1B9,FunSoC
Q9C1I4,FunSoC
Q9DGW5,FunSoC
Q9E0N7,FunSoC
Q9ETI1,FunSoC
Q9EVD7,FunSoC
Q9EW15,FunSoC
Q9EW16,FunSoC
Q9EYH7,FunSoC
Q9EZE7,FunSoC
Q9F3T5,FunSoC
Q9F663,FunSoC
Q9FBI2,FunSoC
Q9FD10,FunSoC
Q9FDB3,FunSoC
Q9FDG1,FunSoC
Q9GV72,FunSoC
Q9HUG8,FunSoC
Q9HUH5,FunSoC
Q9HWK6,FunSoC
Q9I2E5,FunSoC
Q9I317,FunSoC
Q9I3D1,FunSoC
Q9I3Y3,FunSoC
Q9I4K6,FunSoC
Q9I5W4,FunSoC
Q9I788,FunSoC
Q9IDV1,FunSoC
Q9J3N1,FunSoC
Q9JP26,FunSoC
Q9JXK3,FunSoC
Q9JYI8,FunSoC
Q9KH31,FunSoC
Q9KH42,FunSoC
Q9KH44,FunSoC
Q9KIB9,FunSoC
Q9KIN5,FunSoC
Q9KJA6,FunSoC
Q9KK17,FunSoC
Q9KKA3,FunSoC
Q9KRQ9,FunSoC
Q9KRU4,FunSoC
Q9KS12,FunSoC
Q9LBR2,FunSoC
Q9LBR4,FunSoC
Q9LBR5,FunSoC
Q9M6E9,FunSoC
Q9NFF5,FunSoC
Q9NJS3,FunSoC
Q9PYC8,FunSoC
Q9PYD0,FunSoC
Q9PYD1,FunSoC
Q9PYD2,FunSoC
Q9Q6P4,FunSoC
Q9Q713,FunSoC
Q9QAS4,FunSoC
Q9QAS5,FunSoC
Q9QAS9,FunSoC
Q9QAT2,FunSoC
Q9QBY1,FunSoC
Q9QBY9,FunSoC
Q9QBZ3,FunSoC
Q9QBZ7,FunSoC
Q9QNA6,FunSoC
Q9QPN3,FunSoC
Q9QSQ6,FunSoC
Q9QTG7,FunSoC
Q9R381,FunSoC
Q9R3F2,FunSoC
Q9RBY6,FunSoC
Q9RER2,FunSoC
Q9RF12,FunSoC
Q9RG59,FunSoC
Q9RI12,FunSoC
Q9RNC7,FunSoC
Q9RPM6,FunSoC
Q9RPX5,FunSoC
Q9RPX6,FunSoC
Q9RPX7,FunSoC
Q9RPY0,FunSoC
Q9S3W0,FunSoC
Q9S676,FunSoC
Q9T1K3,FunSoC
Q9UQY0,FunSoC
Q9UW95,FunSoC
Q9W7J9,FunSoC
Q9W7K0,FunSoC
Q9W7K1,FunSoC
Q9W7K2,FunSoC
Q9WAI7,FunSoC
Q9WAI8,FunSoC
Q9WC61,FunSoC
Q9WC70,FunSoC
Q9WMB4,FunSoC
Q9WMB7,FunSoC
Q9WW62,FunSoC
Q9WWZ9,FunSoC
Q9XD55,FunSoC
Q9XDA7,FunSoC
Q9Y8D9,FunSoC
Q9YGI1,FunSoC
Q9YGJ6,FunSoC
Q9YJN7,FunSoC
Q9YS17,FunSoC
Q9YZN9,FunSoC
Q9Z623,FunSoC
Q9ZAB7,FunSoC
Q9ZCC9,FunSoC
Q9ZCD0,FunSoC
Q9ZKJ5,FunSoC
R3JB46,FunSoC
R4WAN8,FunSoC
S0DRI1,FunSoC
S0DRW4,FunSoC
S0DRW9,FunSoC
S0DRX0,FunSoC
S0DRY0,FunSoC
S0DUX2,FunSoC
S0DUX5,FunSoC
S0DVT6,FunSoC
S0DW25,FunSoC
S7IVK5,FunSoC
S7UMJ0,FunSoC
S7USD4,FunSoC
S7W4Q1,FunSoC
S8EX63,FunSoC
T1PTC5,FunSoC
T1Y4N9,FunSoC
U3TIW2,FunSoC
U5TIT1,FunSoC
U5TNY6,FunSoC
UPI0000163E39,FunSoC
UPI0000163E3A,FunSoC
UPI00016ABA5B,FunSoC
UPI0001F5BB71,FunSoC
UPI00077227F0,FunSoC
UPI0013747D56,FunSoC
V5T923,FunSoC
V5V921,FunSoC
V5V9K9,FunSoC
V5V9Y6,FunSoC
V5VAU6,FunSoC
V5VCD9,FunSoC
V5VDR1,FunSoC
V5VGU3,FunSoC
V5VGY2,FunSoC
V5VH43,FunSoC
V5VHJ7,FunSoC
V5VI79,FunSoC
V9FRW6,FunSoC
VVHA_VIBVU,FunSoC
W0GH52,FunSoC
W2MIW4,FunSoC
W9BA56,FunSoC
W9BA68,FunSoC
W9BAU5,FunSoC
W9BI59,FunSoC
W9BI62,FunSoC
X4QM59,FunSoC
